ID	mbfc	text	role	entities
87	left_bias	"Republican governor appoints Florida's first chief science officer (CNN) Republican Florida Gov. Ron DeSantis appointed the state's first chief science officer on Monday, marking what he called the state's ""commitment to science-based solutions."" DeSantis appointed Thomas Frazer, a biologist who has been director of the University of Florida's School of Natural Resources and Environment since 2012 and previously worked as acting director of the UF Water Institute. In the new position, he will coordinate Florida's research, data and scientific work and make sure officials have the scientific analysis they need to tackle the state's environmental problems. Frazer's research has looked at pollution's effects on water. He's also worked on research involving climate change. He's been on the faculty advisory committee with the UF Climate Institute and served as chairman of the Climate Science Faculty Committee. Climate change will be a part of his office's mission."" We have to look at the facts of what is going on in the environment and can we bring science to bear on those changes happening now and in the future?"" Frazer said. Asked whether he thought climate change was a threat to Florida, DeSantis said the issue was ""politicized"" but noted that he considers sea-level rise a serious threat."" My environmental policy is just to do things that benefit Floridians. And the idea that you're signing up for some type of agenda -- I don't want to ... send a signal that that's what I'm doing because I'm not doing that,"" DeSantis said. ""This is what we're going to do. We're going to do what works."" DeSantis said the appointment keeps with his promise to make ""sound science"" a Florida priority."" As one of Florida's leading environmental researchers, Dr. Frazer understands the unique water issues facing our state and the actions we must take to solve them,"" he said Monday. ""Since day one, my administration has been laser focused on addressing our pressing environmental challenges."" On January 10, DeSantis signed an Executive Order that pledged to secure $2.5 billion over the next four years to restore the Everglades. It created the Blue-Green Algae Task Force and promised to work with local communities to invest in green infrastructure. It also created the chief science officer position. Frazer will have his work cut out for him. In July, Scott declared a state of emergency for several counties to help local governments deal with an unprecedented toxic algal bloom that killed thousands of marine animals, including dolphins and manatees. The bloom, which affected more than 100 miles of Florida shoreline, also sent people to the doctor with respiratory problems and eye issues. below sea level by 2100, Sea level rise alone is projected to outpace the global average for Southeast Florida. The region could see nearly a foot more of water in the short term. There's also a chance that more than $346 billion in property value will bebelow sea level by 2100, studies show Frazer said he's honored by the appointment."" Our environment and waterways make Florida unique,"" he said. ""I look forward to working with the governor and the Department of Environmental Protection on ways we can use sound science and research to improve our state's water quality and protect the environment."""	hero	the state's first chief science officer; Thomas Frazer
478	left_center_bias	"Environmental groups to sue Trump administration over offshore drilling tests Environmental groups plan to sue the Trump administration over offshore drilling tests, launching a legal fight against a proposal that has drawn bipartisan opposition along the Atlantic Coast, two people with direct knowledge of the pending litigation told The Associated Press. The lawsuit, which aims to stop the issuance of permits for the use of seismic air guns, will be filed by a coalition of environmental groups in federal court in South Carolina on Tuesday, according to the individuals. They spoke on condition of anonymity because they were not authorized to speak publicly before the suit is filed. The Trump administration has authorized five such permits, which aim to find oil and gas formations deeply below the Atlantic Ocean floor, from Delaware to central Florida, an area where seismic surveys haven't been conducted in decades. The blasts are conducted in preparation for potential offshore drilling, which the administration has proposed to expand from the Atlantic to the Arctic and Pacific oceans. The five-year plan would open 90 percent of the nation's offshore reserves to private development. Survey vessels will be required to have observers on board to listen and watch for marine life and alert operators if a protected species comes within a certain distance, officials have said, and acoustic monitoring will be used to detect those animals swimming beneath the ocean surface. Surveys would be shut down when certain sensitive species or groups are observed and penalties could be imposed for vessels that strike marine animals. The precautions aren't enough for environmental groups, who have said the blasts can disturb marine mammals. Industry groups say the surveys have been conducted around the world for decades, with little adverse impact. The drilling issue has created strange political bedfellows along the East Coast, with Democrats and Republicans in some areas united over the issue. In South Carolina's 1st Congressional District, Republican Katie Arrington — a supporter of President Donald Trump who initially said she stood by his plans to open up Atlantic Coast drilling — later backed off that support amid a growing wave of drilling opposition in the coastal district she aimed to represent. Arrington ultimately lost the general election to Joe Cunningham, a Democrat staunchly opposed to drilling who collected support from coastal Republican mayors. Voters said they had been turned off by what they saw as Arrington's flip-flop on the issue, and they turned instead to Cunningham's consistency. On Monday, Cunningham told the AP that he backed the legal effort, which would pair with legislative action he plans to take up in the U.S. House.""I'm going to go up to D.C. and fight like hell,"" Cunningham said. ""These lawsuits are one tool in our bag that we're going to use."" South Carolina Gov. Henry McMaster's early support of Trump's candidacy hasn't stopped him from opposing the president's drilling plans. Earlier this year, McMaster was among state executives to request a drilling waiver, seeking the same sort of promise already given to Florida Gov. Rick Scott, another Trump ally. Since then, officials from the Department of the Interior have said Secretary Ryan Zinke's promise to Florida was not a formal action and will instead be part of the department's analysis as it completes its plans. In February, McMaster met with Zinke at the Governor's Mansion in Columbia. This week, McMaster spokesman Brian Symmes told The Associated Press that the governor and the state's top prosecutor, both Republicans, would continue to work on a plan to keep drilling away from the state."" The governor and Attorney General (Alan) Wilson have resolved to continue working together to determine the best path forward,"" Symmes said. ""Anything and everything is on the table to keep us from seeing seismic testing or offshore drilling off the coast of South Carolina."" State Rep. Nancy Mace, a Republican representing parts of the greater Charleston area, supports the lawsuit, which she called South Carolina's best option to challenge federal government overreach."" The government doesn't get to pick winners and losers in this thing,"" Mace said. ""When you have every mayor, every community saying, 'We don't want this,' and now you're going to shove seismic testing down our throats? I don't think so."" Mace said she is concerned both with potential environmental damage and the possible threat to South Carolina's $20 billion tourism industry, much of which centers around the coast."" We have the potential to destroy that beauty off our coast with rigs that nobody wants,"" Mace said. ""We've got to do something, and a lawsuit might be the only way to do it."""	hero	Environmental groups; state legislators
656	right_bias	"New global warming study is terrible news for alarmists, good news for plants, animals and people A new study published in the highly influential journal Nature suggests rising global temperatures during the 19th and 20th centuries may be linked to greater plant photosynthesis. The study, conducted by researchers at the University of California at Merced, estimated based on its models ""the sum of all plant photosynthesis on Earth grew by 30 percent over the 200-year record captured,"" according to an article published on the UC Merced website. Photosynthesis is the process of converting carbon dioxide into carbohydrates, which power plants, using sunlight. According to the UC Merced article, ""The research did not identify the cause of the increased photosynthesis, but computer models have shown several processes that could, together, create such a large change in global plant growth."" The leading candidates are rising atmospheric CO2 levels, a result of emissions from human activities; longer growing seasons, a result of climate change caused by CO2 emissions; and nitrogen pollution, another result of fossil fuel combustion and agriculture,"" the article also claims. In other words, more carbon dioxide, which is being produced by humans at record levels, has improved plant growth, which in turn improves food production for humans and animals. Campbell said the evidence shows ""a fundamental shift in the Earth's plants"" and that ""global plant growth should be a central goal for the human race."" However, don't too excited, Campbell warns. He says despite the researchers' findings, which clearly show global warming helps plants—and thus also helping humans and animals—global warming has many negative effects, too, such as causing ""climate change, which will increase flooding of coastal cities, extreme weather and ocean acidification."" The researchers' study in Nature provided no proof of the claim global warming is caused by humans or that global warming will cause the severe problems Campbell said it will in the quotes provided by the UC Merced article. The study also offered no solutions for reducing greenhouse-gas emissions without causing severe economic and social problems for billions of people. The study did, however, show increased carbon-dioxide levels have, generally, helped plants and crops."	hero	carbon dioxide
271	questionable_source	"Bernie Sanders Calls on Democrat Candidates to Support 'Full Fracking Ban' ""Any proposal to avert the climate crisis must include a full fracking ban on public and private lands,"" Sanders said Wednesday, ahead of CNN's seven-hour climate change town hall. He continued, calling the concept of safe fracking ""pure fiction"" and decrying the release of ""methane from natural gas"" as a major contributing factor to climate change."" Fracking is a danger to our water supply. It's a danger to the air we breathe. It causes earthquakes. It's highly explosive. Safe fracking is, like clean coal, pure fiction,"" Sanders continued."" But, most importantly, methane from natural gas contributes to climate change and is setting us on a path to disaster,"" he added. ""When we are in the White House, we will end the era of fossil fuels, and that includes fracking"":Sanders' call to ban fracking is not necessarily new. The Vermont senator promised in March that his administration would ""ban fracking nationwide and rapidly move to renewable energy"":Sanders also called for a full ban on fracking as part of his $16 trillion Green New Deal proposal released last month."" Fracking and mountaintop removal coal mining are two particularly harmful methods used to extract fossil fuels,"" his plan states. ""They make surrounding communities less healthy and less safe. They must be immediately banned."" Former Vice President Joe Biden (D) has also expressed a desire to ban fracking, telling CNN's Dana Bash that his administration would work to eliminate it."" Just to clarify, would there be any place for fossil fuels, including coal and fracking, in a Biden administration,"" Bash asked during July's Democrat debate in Detroit."" No. We would work it out. We would make sure it's eliminated, and no more subsidies for either one of those, either — any fossil fuel,"" Biden said:Ten Democrat candidates – including Biden and Sanders – will participate in the CNN-hosted climate change town hall Wednesday evening."	hero	Sanders
149	left_bias	"Bernie Sanders Campaign Becomes 2020's First To Promise To Offset Carbon Emissions In a statement to HuffPost, the campaign said it plans to fund renewable energy projects to compensate for the carbon dioxide spewed by the planes and automobiles in which Sanders and his staff will travel while they barnstorm the nation ahead of the Democratic National Convention in July 2020."" Bernie Sanders is a champion in the fight for climate justice and, like him, we know we need to address our emissions through action, not just rhetoric,"" Faiz Shakir, Sanders' campaign manager, said in a statement. ""We are proud to lead the way in the fight against climate change by acting boldly to move our energy system away from fossil fuels and towards sustainable energy sources."" Climate change is already a central plank of Sanders' second White House bid. In December, two months before he announced his candidacy, the senator from Vermont hosted a televised town hall with climate scientists and advocates to discuss the crisis. In February, he attacked Trump for ignoring climate change in his State of the Union address. During his stump speeches, Sanders routinely skewers the fossil fuel industry and promises to enact a Green New Deal if elected. The announcement boosts Sanders' bona fides on the issue and gives him a leg up in a crowded field of Democrats putting more attention on climate change than ever before. The move comes a week after the Sanders campaign became the first to unionize. Sanders has also drawn heat recently for his uncertain stance on reparations for the descendants of slaves and for quietly hiring a journalist who frequently attacked his 2020 opponents on Twitter as an adviser. Carbon offsets represent a drop in the bucket on an issue that requires unprecedented systemic change to avert climate disaster. But transportation emissions make up the largest share of the United States' climate pollution. Sanders' announcement steels the campaign against accusations of hypocrisy, often made by Republicans who take an ideological stance against the scientific realities of climate change. The Sanders campaign is buying carbon offsets from Vermont-based NativeEnergy, the same company Clinton used three years ago. Once dubbed the ""celebrities' choice in offset providers,"" NativeEnergy provides third-party verification of how its offsets are used and boasts a high score as a benefit corporation ― a sort of LEED certification of for-profit companies that pay employees decent wages and provide measurable value to society. Though founded and run by a former utility lawyer, the company, as its name suggests, transferred a majority stake in its ownership to a consortium of Native American tribes in 2005. Carbon emissions from campaign travel first became an issue during the 2004 election, when the NRDC Action Fund, an affiliate of the Natural Resources Defense Council, began raising concerns about the huge amount of fuel candidates burned crisscrossing the country. In 2007, former Iowa Gov. Tom Vilsack became the first presidential contender to go carbon neutral. John Edwards followed soon after. By 2008, both Democrat Barack Obama and Republican John McCain ""rushed to put themselves on a carbon diet,"" according to MSNBC. During the 2016 Democratic primary, Sanders clashed with Clinton over climate change, attacking her support for increased gas drilling in a heated debate. After Clinton clinched the nomination, the issue disappeared, without a single question asked during three debates between Clinton and her Republican opponent, Donald Trump. We are proud to lead the way in the fight against climate change by acting boldly to move our energy system away from fossil fuels and towards sustainable energy sources. Nearly every major declared contender for the Democratic nomination has expressed support for the Green New Deal, a movement calling for a sweeping national industrial policy that zeroes out greenhouse gases over a decade, guarantees clean-energy jobs to millions and puts the country on course to generate as close to 100 percent of its electricity from renewables as possible in a decade. In a first, Washington Gov. Jay Inslee is centering his entire campaign on climate change, vowing to make it his priority if nominated. He joined Sanders, Sen. Kirsten Gillibrand (D-N.Y.), Sen. Elizabeth Warren (D-Mass.) and Rep. Tulsi Gabbard (D-Hawaii) in signing the No Fossil Fuel Money pledge, an oath promising to reject donations from the oil, gas and coal companies and their executives. The newfound attention on climate change comes after the United Nations' stark warning in October that world governments have roughly a decade to halve global emissions or face an average temperature increase of at least 2.7 degrees Fahrenheit ― about half-a-degree Celisus more than what the world experiences today. Warming beyond that level is forecast to cause catastrophic flooding, droughts and extreme weather, with economic damages topping $54 trillion."	hero	Sanders; Carbon offsets
863	questionable_source	"Jerry Brown Wants to Impose 'China-Style' Ban on Combustion Engine Cars Governor Jerry Brown has expressed an interest in barring the sale of vehicles powered by internal-combustion engines, Mary Nichols, chairman of the California Air Resources Board, said in an interview Friday at Bloomberg headquarters in New York. The earliest such a ban is at least a decade away, she said. Brown, one of the most outspoken elected official in the U.S. about the need for policies to combat climate change, would be replicating similar moves by China France and the U.K. ""I've gotten messages from the governor asking, 'Why haven't we done something already?'"" Nichols said, referring to China's planned phase-out of fossil-fuel vehicle sales. ""The governor has certainly indicated an interest in why China can do this and not California."" ""To reach the ambitious levels of reduction in greenhouse gas emissions, we have to pretty much replace all combustion with some form of renewable energy by 2040 or 2050,"" Nichols said. ""We're looking at that as a method of moving this discussion forward."" Instituting such a policy in California would affect the entire car industry globally, due to the massive size of California's car market. Over 2 million new passenger vehicles were sold and registered in the nation's most populous state last year — more than than the entire nations of Spain, France and Italy. California has had the right to write its own pollution rules since the 1970's under waivers granted by the EPA. But it's unlikely the Trump administration would approve such a plan, forcing California to take a different legal route. According to Motor Trend magazine, Nichols says California is considering regulating the types of cars that can be registered in the state or have access to highways. ""We certainly wouldn't expect to get a waiver for that from the EPA,"" she told Bloomberg. ""I think we would be looking at using some of our other authorities to get that result."" China plans to end sales of combustion engine vehicles in 2030. Other countries like France and the U.K. plan to follow suit a decade later. California has not yet specified a date to copy China's policy. Tim Donnelly is a former California State Assemblyman and Author, currently on a book tour for his new book: Patriot Not Politician: Win or Go Homeless. He also ran for governor in 2014."	hero	the Trump administration; Jerry Brown
361	right_bias	"California eyes Wyoming wind power to feed energy appetite... Wyoming's economy is dominated by coal, other fossil fuels, and mineral extraction. The formula here has worked — residents in Wyoming enjoy among the highest per capita GDP in the nation. So naturally, there's been some hostility toward new sources of energy that could threaten that."" It's a complicated history with wind,"" says Jeremiah Rieman, director of economic diversification strategy for Wyoming Gov. Matt Mead (R). ""I think you're seeing a change. And certainly we're hearing the message loud and clear, as we go through this economic diversification strategy effort, that wind and renewables need to be a part of that."" The push toward wind is playing out in a high-rise office building 100 miles south of Wyoming's capital in Denver. There, TransWest Express is laying out plans to build a 730-mile transmission line across the American West. CEO Bill Miller points to a map and the start of the project — 1,000 wind turbines to be built on a ranch in south-central Wyoming."" It starts there and runs a little bit west and then due south into northwest Colorado,"" says Miller, tracing a line through Utah and then down south of Las Vegas. If all goes according to plan, in three years Miller says the winds of low-population Wyoming will be bringing electricity to where it's needed in California."" To my knowledge, this is the largest transmission line development that has occurred in this country in probably 50 years."" TransWest Express, which is part of the Anschutz Corporation owned by billionaire Phillip Anschutz, is looking to harness Wyoming's wind because, well, it's super windy. The winds howl in southeast Wyoming because they're rising at the continental divide, then pushing through a gap in the Rocky Mountains."" So, if you remember your high school physics class there's this thing called the Venturi effect where you narrow something and that naturally speeds up an air flow. And that's really what we have here,"" says economist Robert Godby, director of the Center for Energy Economics and Public Policy at the University of Wyoming. Wyoming may have strong winds, but the state ranks just 16th for wind generation. Godby says Wyoming hasn't exactly made things attractive for developers: ""We have the only wind generation tax in the country, where we actually tax people who produce electricity with wind."" Meanwhile, many other states are creating incentives for wind development, for example by creating renewable portfolio standards that require a state to obtain a certain amount of its energy from sources like wind and solar.""I think it's really unfair that Wyoming has this reputation for being hostile to wind or anti-wind,"" says Jason Beggar, director the Wyoming Infrastructure Authority, a state entity tasked with developing large transmission projects."" It's not an anti-wind philosophy, it's just the philosophy of the state — we tax our natural resources to fund government."" Beggar says it's tough to build in Wyoming because roughly half of the state is federally owned land."" So when you go to Texas, or you go to Iowa, you're generally just negotiating with a landowner, whether it's a farmer, whomever,"" says Beggar. ""Well, in Wyoming, you have to file permits with the federal government and that includes things [like] land use, wildlife mitigation, mineral disturbances. There are factors and factors and factors."" Beggar says the Trump administration has shown a ""willingness"" to cut red tape and move things along more quickly. Meanwhile, conservationists and environmentalists have bristled at the rollback of regulations. There's another challenge facing Wyoming wind: climate change skepticism. Coal burns dirty and produces a lot of greenhouse gases. Many states are pushing renewable energy to move away from that. But in Wyoming, it's complicated."" Climate change is a pretty tough subject to talk about with some people because it's a threat no matter how you look at it,"" says Robert Godby. ""It's a threat to world climate, it's also a threat to people's livelihoods [in Wyoming]. And those two things are kind of in conflict. If you're a state like Wyoming where you produce so much fossil fuel, in particular coal, that's threatened by any sort of climate change policy we might put in place to reduce greenhouse gas emissions."" Wyoming's governor, Matt Mead, professes skepticism on climate science, but not on the markets, which are moving away from dirtier-burning fuels like coal. That's why he's pushing for a more diversified economy. At the end of the day, the debate in Wyoming is really about jobs. Bill Miller says that when people learn about the tax revenues and jobs their transmission line and wind farm will bring to Wyoming, they like that."" These are good, high-paying jobs. And when we finish this project, the permanent jobs are going to be roughly 150 people, well paid, fully benefitted jobs that are really a boon to those communities,"" says Miller. Wind projects in Wyoming won't come anywhere close to creating enough work to replace the coal industry. Still, the jobs are an important part of the state's broader diversification strategy."" Roughly 60 percent of our youth, between the ages of 18 and 24, will not be here 10 years from now, and that's a trend we would like to see disappear,"" says Rieman. Whether new opportunities come from digging up coal or harnessing the wind, for job seekers in Wyoming, that detail may be of secondary importance. This article originally appeared at PRI's The World."	hero	plans; Wind energy
115	left_bias	"U.S. Emissions Spike Undercuts Trump Administration Push For Fossil Fuel Use The Trump administration has repeatedly pointed to declines in U.S. carbon emissions to justify its fossil fuel-focused ""energy dominance"" agenda. But a new analysis has delivered a blow to that defense, concluding that the nation's greenhouse gas emissions rose sharply in 2018. Emissions in the country jumped 3.4 percent last year, the second largest annual increase in more than two decades, according to a preliminary estimate by the economic research company Rhodium Group. The analysis comes on the heels of two gut-wrenching climate reports, one by the United Nations and another authored by scientists from more than a dozen federal agencies in the U.S., that warn the world is running out of time to stave off catastrophic, and potentially irreversible, climate change. The Trump administration continues to dismiss and downplay the crisis. ""I don't believe it,"" President Donald Trump, who has a long history of climate change denial, said of his own administration's report. He added that ""we're the cleanest we've ever been."" Between 2005 and 2017, CO2 emissions in the U.S. fell by about 14 percent. Administration officials have touted these declines to explain their push to boost fossil fuels, as well as to defend the president's decision last year to withdraw the U.S. from the historic Paris accord on combating climate change."" We are moving forward, but we are not moving forward in a detrimental impact to our economy as what the Paris climate accord would have called for,"" Wheeler said. ""We are reducing our CO2 emissions faster than most other developed countries. We have our own plan. We're moving forward. We're addressing the issue."" Former Interior Secretary Ryan Zinke, who resigned Jan. 2 under a cloud of ethics scandals, told the National Petroleum Council last month that the administration's ""regulatory philosophy"" is to partner with the fossil fuel sector, which he said was at ""the leading edge of technology."" The U.S. has ""lead the charge"" in cutting emissions of CO2 and methane, a potent greenhouse gas, he added."" Everyone else is up,"" he said, referring to other countries' overall emissions. ""We're going down while we have our record-breaking oil and gas production."" But as Rhodium Group's new analysis makes clear, that was not the case in 2018. The emissions uptick ― the largest since the economic bounce back from the recession that ended in mid-2009 ― comes despite a record number of coal-fired power plants going offline, replaced largely by the use of natural gas. Along with an 1.9 percent spike in power sector emissions, increases occurred in the transportation, industry and buildings sectors, according to Rhodium. Contributing to the overall increase were the growing U.S. economy, a cold start to the year that required additional energy for heating, and the ""limited progress made in developing decarbonization strategies,"" the analysis found."" With a new Congress in session, we demand they heed these warnings (about climate change) and step up to act at the scale of the crisis,"" she said in a statement. The administration has aggressively rolled back environmental and climate regulations, including President Barack Obama's Clean Power Plan, a policy limiting greenhouse gas emissions from power plants. At Interior, Zinke overturned an Obama-era moratorium on new coal leases on federal land, scrapped a hydraulic fracturing rule meant to better protect public health and curtailed a rule limiting the amount of methane that can be released from oil and gas operations on federal and Native American lands. Even amid the current partial government shutdown, the administration has prioritized fossil fuels. The Interior Department, one of the main agencies affected by the shutdown. is still issuing permits for oil companies, according to Bloomberg. And the agency is continuing its push to open Alaska's fragile Arctic National Wildlife Refuge to drilling, holding public meetings as part of its ongoing environmental review process, Alaska Public Media reported."	hero	Clean Power Plan
779	left_center_bias	"U.S. is reducing dependence on fossil fuels even without Paris climate agreement WASHINGTON – President Trump's decision to back out of the Paris climate accord is a blow to environmental activists, but the nation's steady, years-long reduction in greenhouse gas emissions that contribute to global warming won't suddenly stop. Utility companies have announced plans to fully or partially close more than a half dozen coal-fired power plants since Trump took office fewer than five months ago, taking some of the nation's largest greenhouse gas emitters off-line. And Wall Street fund managers and large businesses are moving away from fossil fuels due to market conditions, further contributing to increased use of cleaner energy sources. Since 2010, more than 250 coal-fired power plants have closed in the U.S. On Wednesday, Exxon Mobil shareholders voted – against the board's recommendation – to require the company publicly report on the risks to its business posed by climate change."" he United States is making progress,"" said John Coequyt, Global Climate Policy Director for the Sierra Club. ""We're moving forward. We believe the rest of the world will do the same."" Trump has already taken unilateral steps to roll back regulations that were designed to implement the Paris agreement, including reversing President Obama's Clean Power Plan rule that sought to lower greenhouse emissions. Trump campaigned on a promise to withdraw the U.S. from the accord, saying it would lead to higher energy prices and hurt domestic businesses from being able to compete globally."" As president, I have one obligation and that obligation is to the American people,"" Trump said during a speech in the Rose Garden announcing the decision. ""The Paris Accord would undermine our economy, hamstring our workers, weaken our sovereignty, impose unacceptable legal risk, and put us at a permanent disadvantage to the other counties of the world."" The international agreement, which was signed in 2015 and went into effect seven months ago, is considered a major part the environmental legacy of the Obama administration. Michael A. Needham, chief executive officer of the conservative Heritage Action for America, applauded the president's move."" Withdrawal from the agreement marks a critical step in unraveling former President Obama's destructive legacy,"" Needham said. ""Not only did Obama make this agreement without approval from Congress, but in doing so he handed more control of America's energy to foreign officials."" Experts say pulling out of the accord will slow but hardly stop the momentum that's been building to keep a global temperature rise this century well below 2 degrees Celsius above pre-industrial levels. Under current policy, the U.S. is still set to come ""within striking distance"" of meeting its 2020 goal under a prior U.N. climate change accord to reduce greenhouse gas emissions 17% below 2005 levels, according to a report by energy analysts the Rhodium Group. But the analysis said withdrawing from the accord makes it very unlikely the U.S. will meet the 26-28% target set out under the Paris deal. The exit from the accord will allow states, such as California and New York, to play a leading role in meeting climate change targets. California, for example, has stood out with its toughest-in-the-nation vehicle emissions laws that often effectively establish auto industry standards nationwide. California Gov. Jerry Brown said he hopes Trump's ""insane move"" to back out of the Paris accord will spur others to action."" California will resist,"" he told reporters on a conference call after Trump's announcement. ""California (is) all in. We're on the field ready for battle and while our president may be AWOL in the battle against climate change, we're not."""	hero	California
211	left_center_bias	"Trump begins year-long process to formally exit Paris climate agreement Donald Trump is moving to formally exit the Paris climate agreement, making the United States the only country in the world that will not participate in the pact, as global temperatures are set to rise 3C and worsening extreme weather will drive millions into poverty. The paperwork sent by the US government to withdraw begins a one-year process for exiting the deal agreed to at the UN climate change conference in Paris in 2015. The Trump administration will not be able to finalize its exit until a day after the presidential election in November 2020. The secretary of state, Mike Pompeo, announced the development on Monday afternoon, saying the agreement would be an ""unfair economic burden imposed on American workers, businesses and taxpayers"" and that the US has already reduced its heat-trapping emissions. But organizers of local city and state efforts to curb the crisis across America say the US is still trying to play a role in fighting the climate crisis, despite the actions of the federal government. Carl Pope, vice chair of the group America's Pledge, said its members – who are vowing to keep fighting the climate emergency – produce more than half the country's heat-trapping emissions and represent about 70% of the US gross domestic product. Another organization, the US Climate Alliance, includes the governors of 25 states, representing 55% of the US population. In the Paris agreement, the US agreed to cut its heat-trapping pollution at least 26% below 2005 levels by 2025. Dozens of countries are also pursuing goals to reach net-zero emissions by 2050. But they represent only about 11% of the world's climate footprint and exclude the biggest emitters: China, the US and India. Staying on par with those more advanced countries would require the US government to eliminate pollution from coal and natural gas powered electricity plants, transportation, manufacturing facilities and agriculture. Local action by itself is not likely to be enough."" We don't think it's likely just with the states we have, we think we need the whole country to be moving together,"" Pope said. Jean Su, energy director with the Center for Biological Diversity's Climate Law Institute, said: ""America is the number one historical contributor to the climate emergency wreaking havoc in burning California, the flooded Southeast and the rest of the world."" The next president must repay this extraordinary climate debt by rapidly moving America to 100% clean energy and financing the decarbonization of the Global South,"" Su said, referring to the developing world. In addition, the Trump administration has also pulled US funding commitments to help the developing world cut pollution. John Kerry and Chuck Hagel, president Barack Obama's secretaries of state and defense respectively, in a Washington Post op-ed, called it a ""dark day for America""."" Climate change is already affecting every sector and region of the United States, as hundreds of top scientists from 13 federal agencies made clear in a report the White House itself released last year,"" they said. ""The past five years were the warmest ever recorded. Without steep pollution reductions, climate change will risk tens of thousands of US lives every year by the end of the century."" They called the Paris agreement, ""a start, not a finish line,"" but ""the best ignition switch the world could agree on to spark international cooperation on this critical issue"". Senator Tom Carper, the top Democrat on the Senate environment panel, said: ""Once again, President Trump is abandoning our global allies for the sake of misplaced political gain. Now America stands alone – nearly 200 countries have joined this global commitment to fighting climate change, even global pariahs like North Korea and civil war-torn countries like Syria."" Carper said Trump is abandoning ""tremendous economic opportunity"" and public health benefits. Trump has alternately ignored or denied the climate crisis. His agencies are nixing regulations for power plants and cars, and bolstering fossil fuels whenever possible. He promised, to widespread dismay, to exit the Paris agreement during his campaign. The Democratic 2020 election frontrunners challenging Trump have all said they would set the country on a path to neutralize its climate pollution by 2050. Nate Hultman, director of the University of Maryland's center for global sustainability and lead author of this year's America's Pledge report, pointed to new laws in New Mexico, Nevada, Washington, Maine, New York, Washington DC, and Puerto Rico for 100% clean energy targets. Hawaii and California already had such laws. Together, they represent 16% of the nation's electricity, more than doubling the share from 2018, he said."" Another way to think about it is that Trump's decision to withdraw from the Paris agreement is supported in reality by only about 30% of the economy and 35% of the population,"" Hultman said. Even once the US withdraws, the country can participate as an observer in international climate negotiations. But despite the efforts of subnational governments, recent analysis shows the US is still far off track from its commitments, regardless of whether Trump pulled out. The US is also far from neutralizing climate emissions by the middle of the century, which as many experts say will be necessary for all countries in order to avert the worst of the crisis."" We can still get there with a serious shift in policy in the coming years,"" said Kate Larsen, director of Rhodium's international energy and climate research."	hero	Pope; the Paris climate agreement
725	left_bias	"Church Leaders Are Begging Their State's Senator To Give Up Global Warming Denial Four Christian church leaders in Montana are urging their state's Republican senator to quit rejecting the widely accepted science behind man-made global warming. The one Catholic priest and three Protestant clergy criticized Sen. Steve Daines (R-Mont.) in an op-ed published by the Missoulian Thursday for failing to understand climate change's role in a widespread fish kill in Yellowstone National Park last summer."" We cannot remain silent while a U.S. senator from Montana chooses willful ignorance of the greatest threat this state has ever faced and which is already causing extreme damage to our cherished Montana environment,"" said the church leaders ― the Reverends Amy Carter and Laura Folkwein of the United Church of Christ in Missoula; the Reverend Susan Barnes of the St. Andrew Presbyterian Church in Billings; and Father Robert Grosch of the nearby St. Patrick Co-Cathedral."" The simple moral truth is that United States is by far the world's largest historic contributor to the climate crisis and therefore bears the greatest responsibility for addressing it,"" they added. The church leaders slammed Daines for having the ""audacity"" to challenge the overwhelming scientific consensus that emissions from farms and burning fossil fuels are trapping heat in the atmosphere and causing the planet to warm. Not unlike the years of public skepticism over smoking's role in lung cancer, many people still doubt the science behind global warming thanks to a decades-long campaign to seed doubt funded by companies with money at stake. Daines, who earned a bachelor's degree in chemical engineering before entering politics, received a paltry 3 percent lifetime score from the League of Conservation Voters, which ranks lawmakers by how they vote on environmental legislation. He did, however, earn a 16 percent score for last year. In 2012, he told Montana Public Radio he believes the climate is changing, but doubts how much humans are effecting it. We view science as a way to deepen our appreciation and wonder at the majesty of God's creation, including the complex, beautiful and life-sustaining planet earth."	hero	Four Christian church leaders in Montana
25	right_bias	"UN climate talks unraveling, face failure... Madrid (AFP) - A UN climate summit in Madrid was on life support Saturday after marathon negotiations between countries left them more divided than ever over on how to fight global warming and pay for its ravages. Diplomats from rich nations, emerging giants and the world's poorest countries -- each for their own reasons -- found fault with a draft agreement put forward by host Chile in a botched attempt to strike common ground. Faced with fire-alarm warnings from science, deadly extreme weather made worse by climate change, and weekly strikes by millions of young people, negotiations in Madrid were under pressure to send a clear signal that governments were willing to double down in tackling the crisis. But the 12-day talks, more than 24 hours after their scheduled end, had retreated even further from this goal on Saturday. Simon Stiell, Grenada envoy, told AFP that the lack of ambition in the initial agreement text was ""crazy""."" It isn't reflective of the kids who are demonstrating on the streets the world over, communities being washed away by rising sea levels,"" he said late Saturday."" We wanted provisions that were in the Paris agreement to remain and what we see at every COP it just seems to be another opportunity to erode those."" Veteran observers of UN climate talks were stunned by the state of play nearly 24 hours after the negotiations had been due to close.""I have never seen such a disconnect between what the science requires and the people of the world demand, versus what the climate negotiations are delivering,"" Alden Meyer, strategy and policy director at the Union of Concerned Scientists, told AFP. Alexandria Villasenor, a 14-year-old climate activist, said she was ""disappointed"" in the lack of action at COP 25."" The difference between the youth on the streets and the negotiations is that the youth on the streets are acting with urgency,"" she told AFP."" COP 25 has failed us and it's another year of failure."" Under the Paris accord, countries agreed in 2015 to work to limit global temperature rises to ""well below"" two degrees Celsius through a series of voluntary action pledges that step up over time. The push for a strengthening of voluntary carbon cutting plans is led by small-island and least-developed states, along with the European Union. Ministers from this ""high ambition coalition"" have called out countries they see as blocking a consensus call for all countries to step up, notably the United States, Australia and Saudi Arabia. China and India, the world's No. 1 and No. 4 carbon emitters, have made it clear they see no need to improve on their current emissions reduction plans, which run to 2030. These emerging giants have chosen instead to emphasise the historical responsibility of rich nations to lead the way and provide financing to poor countries. Observers told AFP Saturday evening that a possible landing ground had emerged in which China agreed to yield a little over language surrounding ambition in return for a clear reiteration of historic polluters' obligation to do more. The COP 25 summit was also meant to finalise a chapter on carbon markets in the Paris rulebook, which goes into effect next year. Some nations, notably Brazil and Australia, want to count carbon credits accumulated under a previous climate deal as part of their commitments under the Paris goals, further stymying progress. The United States, which is leaving the landmark Paris climate deal next year, was accused of acting as a spoiler on a number of issues vital to climate-vulnerable nations. This included so-called ""loss and damage"" funding to help disaster-hit countries repair and rebuild."" The US has not come here in good faith,"" said Harjeet Singh, climate lead with charity ActionAid."" They continue to block the world's efforts to help people whose lives have been turned upside down by climate change."" Even if nations in Madrid snatch victory from the jaws of defeat and agree to implement their pledges, Earth is on course to warm more than 3C by 2100."" If there was one time in the history when I would say governments fucked up, I would say today in Madrid, governments fucked up,"" said Mohamed Adow, Director of Power Shift Africa."" People across the world must rise to save the planet."""	hero	youth climate activists; least-developed states; People across the world; small-island states; the European Union
